종목명,시장구분,소속부,종가,대비,등락률,시가,고가,저가,거래량,거래대금,시가총액,상장주식수
AJ네트웍스,KOSPI,,4565,-60,-1.3,4630,4630,4550,51042,233869235,206578844835,45252759
AK홀딩스,KOSPI,,13460,-40,-0.3,13490,13500,13320,1220,16389410,178312171060,13247561
BGF,KOSPI,,3505,0,0.0,3505,3515,3460,45771,159328500,335487352455,95716791
BGF리테일,KOSPI,,119300,1300,1.1,118000,119700,117000,43534,5185795900,2061969985800,17283906
BNK금융지주,KOSPI,,9930,-230,-2.26,10140,10140,9900,736236,7331307850,3198338189340,322088438
BYC,KOSPI,,34500,200,0.58,34600,34950,34300,1590,54965100,215492175000,6246150
CJ,KOSPI,,111900,0,0.0,112900,114200,110000,80876,9055838000,3264906076200,29176998
CJ CGV,KOSPI,,6950,-220,-3.07,7210,7290,6900,1477323,10413490250,1150779179100,165579738
CJ대한통운,KOSPI,,94100,-200,-0.21,95100,95700,93600,48478,4571654086,2146641570400,22812344
CJ씨푸드,KOSPI,,3525,135,3.98,3440,3950,3385,3715953,13675258785,126655974825,35930773
CJ제일제당,KOSPI,,322000,0,0.0,324000,325500,319000,20112,6474102500,4847447892000,15054186
CS홀딩스,KOSPI,,67400,-100,-0.15,67500,67500,66700,633,42482800,77812086800,1154482
DB,KOSPI,,1284,19,1.5,1265,1294,1257,650738,832064398,258307329972,201173933
DB금융투자,KOSPI,,4935,210,4.44,4780,4935,4725,92765,448623320,209472929715,42446389
DB손해보험,KOSPI,,117900,1900,1.64,115500,118900,115500,90321,10621662600,8347320000000,70800000
DB하이텍,KOSPI,,40500,-250,-0.61,41200,41200,40400,195939,7964201350,1798142814000,44398588
DGB금융지주,KOSPI,,8390,10,0.12,8410,8410,8230,338373,2818327280,1419133538870,169145833
DL,KOSPI,,46150,50,0.11,46100,46500,45600,16669,767384200,967114046600,20955884
DN오토모티브,KOSPI,,88200,-900,-1.01,88800,89000,87400,7907,696306600,881471241000,9994005
DRB동일,KOSPI,,4825,-40,-0.82,4865,4865,4790,20550,98972060,96162250000,19930000
DSR,KOSPI,,4010,-5,-0.12,4030,4055,3980,10367,41406195,64160000000,16000000
DSR제강,KOSPI,,3980,-20,-0.5,3995,4065,3930,35763,141907635,57312000000,14400000
E1,KOSPI,,75400,500,0.67,75100,75800,74400,6353,477673700,517244000000,6860000
GKL,KOSPI,,11330,150,1.34,11250,11330,11080,168650,1892824180,700824741100,61855670
GS,KOSPI,,45050,-100,-0.22,45150,45500,44350,108796,4885638450,4185837778900,92915378
GS건설,KOSPI,,20400,-100,-0.49,20350,20750,20250,400978,8178063400,1745862396000,85581490
GS글로벌,KOSPI,,3990,0,0.0,3950,4060,3915,5929442,23671174015,329309718360,82533764
GS리테일,KOSPI,,21600,-450,-2.04,21850,21950,21600,99541,2162016850,2261907115200,104717922
HDC,KOSPI,,11140,190,1.74,11200,11200,10850,95754,1059679160,665522771940,59741721
HDC랩스,KOSPI,,8300,-10,-0.12,8320,8340,8190,21677,179150820,215448088300,25957601
HDC현대EP,KOSPI,,4530,-95,-2.05,4625,4625,4505,93081,424126905,144507000000,31900000
HDC현대산업개발,KOSPI,,26500,550,2.12,25950,27200,25650,633136,16854788050,1746544245000,65907330
HD한국조선해양,KOSPI,,180500,-10900,-5.69,191700,192300,179800,387872,70908304800,12774547438000,70773116
HD현대,KOSPI,,78600,-2300,-2.84,80300,80800,77600,180360,14171085000,6208856481000,78993085
HD현대건설기계,KOSPI,,52100,-800,-1.51,52900,53800,52000,134815,7070447700,981933701600,18847096
HD현대마린엔진,KOSPI,,18450,-930,-4.8,19380,19400,18380,677779,12669780900,625774904550,33917339
HD현대미포,KOSPI,,100700,-2400,-2.33,103100,103900,100000,209647,21165509700,4022174404300,39942149
HD현대인프라코어,KOSPI,,6990,-190,-2.65,7200,7200,6990,1266143,8892437490,1346664510330,192655867
HD현대일렉트릭,KOSPI,,292500,-13000,-4.26,307500,308000,292500,254411,75617418000,10543786987500,36047135
HJ중공업,KOSPI,,2930,30,1.03,2900,2935,2870,27150,78734585,243993643330,83274281
HL D&I,KOSPI,,2650,-15,-0.56,2650,2665,2600,69644,183168250,100325292650,37858601
HLB글로벌,KOSPI,,5430,50,0.93,5390,5460,5330,123290,662819770,257868479130,47489591
HL만도,KOSPI,,33800,-150,-0.44,34300,34550,33600,130867,4438776700,1587150656000,46957120
HL홀딩스,KOSPI,,34500,-300,-0.86,34800,35000,34150,7627,262581450,350844645000,10169410
HMM,KOSPI,,16710,-260,-1.53,16970,17030,16660,1273429,21314507950,12516449978160,749039496
HS애드,KOSPI,,6350,0,0.0,6340,6370,6340,17685,112436000,105203047150,16567409
HS화성,KOSPI,,9060,-80,-0.88,9100,9100,9000,4555,41238630,91959000000,10150000
JB금융지주,KOSPI,,14340,180,1.27,14210,14440,14100,235370,3364527440,2797493059320,195083198
JW생명과학,KOSPI,,11460,-140,-1.21,11640,11640,11450,18982,218092790,181463988840,15834554
JW중외제약,KOSPI,,29900,250,0.84,29450,29950,28800,82747,2427817650,696249307000,23285930
JW홀딩스,KOSPI,,3250,-120,-3.56,3370,3370,3245,163764,536217310,240256061500,73924942
KB금융,KOSPI,,87700,1800,2.1,86200,88300,84800,916239,79912956200,35387921014400,403511072
KC그린홀딩스,KOSPI,,843,32,3.95,811,849,809,83109,69055823,18912688140,22434980
KC코트렐,KOSPI,,401,11,2.82,399,407,382,289141,114532896,25531384087,63669287
KEC,KOSPI,,1071,-4,-0.37,1080,1081,1053,268018,284937642,215017324011,200763141
KG스틸,KOSPI,,5730,-20,-0.35,5750,5750,5660,85810,489856810,573050979810,100008897
KG케미칼,KOSPI,,4350,115,2.72,4235,4405,4235,190442,825887755,297840324000,68469040
KH 필룩스,KOSPI,,6630,0,0.0,0,0,0,0,0,125330728770,18903579
KIB플러그에너지,KOSPI,,454,10,2.25,444,459,439,1037227,464719376,107589620976,236981544
KISCO홀딩스,KOSPI,,18610,-10,-0.05,18580,18770,18570,4813,89687600,301042431800,16176380
KPX케미칼,KOSPI,,47900,0,0.0,48100,48150,47600,1793,85696000,231836000000,4840000
KPX홀딩스,KOSPI,,57600,300,0.52,57300,58300,57300,819,47152600,243339609600,4224646
KR모터스,KOSPI,,586,-9,-1.51,595,609,580,221446,129715706,35237860648,60132868
KSS해운,KOSPI,,9090,-60,-0.66,9110,9160,8910,61955,557575870,209850649200,23085880
KTcs,KOSPI,,2685,15,0.56,2710,2710,2650,72843,194466520,114609225000,42685000
KTis,KOSPI,,2535,-45,-1.74,2585,2585,2515,89013,225800640,88223070000,34802000
LF,KOSPI,,14550,190,1.32,14510,14590,14280,43224,624912950,425442000000,29240000
LG,KOSPI,,79100,-100,-0.13,79300,80200,78600,136365,10818263800,12442508546300,157300993
LG디스플레이,KOSPI,,11260,0,0.0,11260,11340,11040,642446,7204210760,5630000000000,500000000
LG생활건강,KOSPI,,360500,6000,1.69,359000,365500,359000,76219,27554825500,5630360018500,15618197
SK,KOSPI,,143000,-200,-0.14,143600,144200,142200,75979,10868788600,10367886529000,72502703
SKC,KOSPI,,129200,400,0.31,131100,133200,126200,338130,43940573200,4892584101600,37868298
SK가스,KOSPI,,172300,300,0.17,172900,173500,171400,4156,717649100,1590371041200,9230244
SK네트웍스,KOSPI,,4990,-120,-2.35,5140,5190,4985,518037,2604583200,1104176730980,221277902
SK디스커버리,KOSPI,,35100,-300,-0.85,35400,35500,35000,7534,264675950,659383510500,18785855
SK디앤디,KOSPI,,8940,200,2.29,8790,9000,8690,43927,388625590,166439395080,18617382
SK이노베이션,KOSPI,,110400,400,0.36,109700,111300,109000,476402,52545815400,10569209136000,95735590
SK증권,KOSPI,,517,0,0.0,518,518,514,288860,149048012,244329118407,472590171
SK케미칼,KOSPI,,48750,-850,-1.71,49500,49500,48250,27609,1343224150,841121921250,17253783
SK텔레콤,KOSPI,,55200,0,0.0,55400,55400,54700,283009,15597707500,11856410925600,214790053
SK하이닉스,KOSPI,,174000,300,0.17,173600,174900,168400,3507670,603452753000,126672411510000,728002365
SNT다이내믹스,KOSPI,,20750,-300,-1.43,21050,21700,20700,85226,1801614650,689993462750,33252697
SNT모티브,KOSPI,,43900,-1700,-3.73,45600,46200,43900,7947,353279450,641955670400,14623136
SNT에너지,KOSPI,,13160,500,3.95,12660,13220,12400,146834,1896673150,272159104280,20680783
SNT홀딩스,KOSPI,,21800,-700,-3.11,22550,22550,21700,10880,238541600,355424714800,16303886
SPC삼립,KOSPI,,52400,-100,-0.19,52600,53000,52400,2978,156653100,452160071600,8629009
STX,KOSPI,,5900,-10,-0.17,5890,5980,5840,104329,615182840,183005769300,31017927
STX엔진,KOSPI,,20700,-200,-0.96,20900,21050,20400,171033,3517455950,476284312800,23008904
SUN&L,KOSPI,,3545,-65,-1.8,3610,3635,3500,13541,47988540,44695321005,12607989
TCC스틸,KOSPI,,36850,3600,10.83,34100,37000,33400,603157,21580455950,965974734450,26213697
TP,KOSPI,,1379,-17,-1.22,1396,1400,1364,90550,124580094,70570504270,51175130
TYM,KOSPI,,3135,-40,-1.26,3175,3185,3130,47963,150911890,141234747060,45050956
WISCOM,KOSPI,,2185,70,3.31,2155,2185,2115,28422,61184280,33488267030,15326438
YG PLUS,KOSPI,,2760,15,0.55,2740,2780,2725,51702,141941070,175065171600,63429410
가온전선,KOSPI,,35000,-400,-1.13,35400,35400,34600,52523,1913136750,257528110000,7357946
강남제비스코,KOSPI,,26100,200,0.77,25900,26100,25700,3627,94006500,169650000000,6500000
강원랜드,KOSPI,,16080,90,0.56,15990,16190,15850,846712,13572813030,3440163240000,213940500
갤럭시아에스엠,KOSPI,,2050,140,7.33,1975,2070,1925,1616644,3390454822,56476770200,27549644
경농,KOSPI,,9280,10,0.11,9350,9350,9200,15900,146802970,181169496000,19522575
경동나비엔,KOSPI,,70000,1200,1.74,68800,70400,68500,35450,2468244500,1019801440000,14568592
경동도시가스,KOSPI,,18900,0,0.0,18870,18970,18820,9191,173656840,111423173400,5895406
경동인베스트,KOSPI,,88900,-800,-0.89,90000,90500,88300,19701,1754970800,210250544700,2365023
경방,KOSPI,,6540,-230,-3.4,6770,6900,6360,101821,669106260,179295865800,27415270
경보제약,KOSPI,,7440,0,0.0,0,0,0,0,0,177867038400,23906860
경인양행,KOSPI,,3300,0,0.0,3280,3315,3260,17301,56735335,137334004500,41616365
경인전자,KOSPI,,21200,50,0.24,21050,21250,20800,3734,78396500,33300896400,1570797
계양전기,KOSPI,,1574,4,0.25,1570,1586,1560,9903,15557656,42848732846,27222829
고려산업,KOSPI,,2595,5,0.19,2600,2600,2525,28714,73705620,64717807875,24939425
고려아연,KOSPI,,542000,7000,1.31,533000,544000,526000,25359,13638519000,11221179386000,20703283
고려제강,KOSPI,,19750,270,1.39,19400,19790,19370,18220,356873780,493750000000,25000000
광동제약,KOSPI,,6050,-40,-0.66,6100,6160,5990,66610,402104710,317146148550,52420851
광명전기,KOSPI,,1722,-8,-0.46,1729,1735,1650,264960,449887464,74627373030,43337615
광전자,KOSPI,,1993,5,0.25,1983,1997,1968,55072,109054945,115481919659,57943763
광주신세계,KOSPI,,29400,-150,-0.51,29500,29900,29300,3088,90790850,233941386000,7957190
교보증권,KOSPI,,5110,-30,-0.58,5110,5140,5100,11520,58981760,582350730710,113962961
국도화학,KOSPI,,33100,-200,-0.6,33400,33550,33100,3466,115131700,298251389600,9010616
국동,KOSPI,,470,9,1.95,461,472,461,46793,21846936,31644111590,67327897
국보,KOSPI,,2110,0,0.0,0,0,0,0,0,33456978680,15856388
국제약품,KOSPI,,5470,-40,-0.73,5520,5560,5290,364515,1964369010,115744281040,21159832
그린케미칼,KOSPI,,6670,-20,-0.3,6670,6720,6630,37331,249078970,160080000000,24000000
극동유화,KOSPI,,3785,-20,-0.53,3805,3805,3775,79845,302097040,131980754700,34869420
금강공업,KOSPI,,4680,-5,-0.11,4750,4750,4650,14178,66197815,137261390760,29329357
금비,KOSPI,,58900,500,0.86,58500,59400,58000,4481,263182500,58900000000,1000000
금양,KOSPI,,47350,1050,2.27,45900,49200,45500,965991,46006604450,2748669251950,58050037
금호건설,KOSPI,,3485,-30,-0.85,3520,3520,3465,18519,64408155,128783278575,36953595
금호에이치티,KOSPI,,585,-2,-0.34,587,594,582,230337,134956379,125139766635,213914131
금호전기,KOSPI,,710,2,0.28,712,712,703,45426,32225117,27324506910,38485221
금호타이어,KOSPI,,4610,-20,-0.43,4635,4650,4535,288460,1324976215,1324269923070,287260287
기신정기,KOSPI,,2675,-10,-0.37,2705,2705,2650,32044,85460270,78110000000,29200000
기아,KOSPI,,106100,0,0.0,106700,107200,104500,1014420,107471110700,42424978043700,399858417
기업은행,KOSPI,,14040,230,1.67,13870,14090,13810,823348,11529723590,11195859200760,797425869
까뮤이앤씨,KOSPI,,1393,5,0.36,1395,1400,1330,23034,31680314,62897126040,45152280
깨끗한나라,KOSPI,,2280,5,0.22,2280,2290,2240,82446,186863915,84908780040,37240693
남광토건,KOSPI,,6730,-100,-1.46,6870,6870,6650,6698,44962650,66173209560,9832572
남선알미늄,KOSPI,,1422,3,0.21,1419,1425,1411,117638,166743022,183550465980,129079090
남성,KOSPI,,1465,-25,-1.68,1514,1514,1465,177667,263852480,53050814400,36212160
남양유업,KOSPI,,479500,-4000,-0.83,488000,488000,478500,583,279960500,345240000000,720000
남해화학,KOSPI,,6600,-10,-0.15,6610,6610,6560,21430,141185390,327880363800,49678843
넥센,KOSPI,,4650,-50,-1.06,4650,4720,4650,24106,113118575,248979493050,53543977
넥센타이어,KOSPI,,7600,-100,-1.3,7700,7700,7530,32940,248956585,742275865200,97667877
넷마블,KOSPI,,58200,-2700,-4.43,60600,60700,57600,115745,6774004300,5002493816400,85953502
노루페인트,KOSPI,,9000,-100,-1.1,9140,9140,8950,25947,233512890,180000000000,20000000
노루홀딩스,KOSPI,,13250,50,0.38,13190,13430,13000,11692,153233350,176107750750,13291151
녹십자,KOSPI,,166500,-4400,-2.57,173500,175000,163500,108625,18107876900,1945808577000,11686538
녹십자홀딩스,KOSPI,,16040,-610,-3.66,16570,16630,15930,70989,1145143530,754332488400,47028210
농심,KOSPI,,387000,1000,0.26,393500,396000,385500,16528,6419545000,2353982454000,6082642
농심홀딩스,KOSPI,,67000,0,0.0,67400,67600,66800,2912,195664900,310731930000,4637790
다스코,KOSPI,,3265,-50,-1.51,3320,3320,3250,126395,413324485,61372012365,18796941
다올투자증권,KOSPI,,3140,0,0.0,3140,3170,3075,58336,181398595,191260872840,60911106
다우기술,KOSPI,,17960,-100,-0.55,18030,18050,17900,13605,244036300,805804441320,44866617
다이나믹디자인,KOSPI,,5850,-230,-3.78,6100,6200,5830,110305,660739590,101211394050,17301093
대교,KOSPI,,2215,0,0.0,2195,2220,2180,7891,17359575,187616812750,84702850
대구백화점,KOSPI,,6580,-150,-2.23,6680,7050,6540,99391,670446760,71206200380,10821611
대덕,KOSPI,,6230,20,0.32,6220,6250,6210,12312,76660290,211135634500,33890150
대동,KOSPI,,9340,-40,-0.43,9380,9390,9270,36252,337070900,239484959920,25640788
대동전자,KOSPI,,15040,0,0.0,0,0,0,0,0,157776322880,10490447
대림통상,KOSPI,,2900,-30,-1.02,2930,3030,2850,5250,15342320,44152500000,15225000
대상,KOSPI,,21000,200,0.96,20900,21050,20600,97893,2044085050,727608525000,34648025
대상홀딩스,KOSPI,,8700,-10,-0.11,8710,8820,8580,57040,495394920,315049080600,36212538
대성산업,KOSPI,,3570,-50,-1.38,3590,3620,3550,116438,415943615,161490656460,45235478
대성에너지,KOSPI,,9160,-200,-2.14,9320,9330,9110,238855,2193518270,251900000000,27500000
대성홀딩스,KOSPI,,8080,0,0.0,8150,8150,7970,5671,45421930,130002828720,16089459
대신증권,KOSPI,,17070,390,2.34,16680,17100,16680,59357,1006837790,866701938000,50773400
대양금속,KOSPI,,2030,-30,-1.46,2060,2085,1987,302609,608926812,80577439600,39693320
대영포장,KOSPI,,1055,-6,-0.57,1056,1060,1047,134792,141867350,114356249195,108394549
대우건설,KOSPI,,4045,15,0.37,4055,4060,3985,1198109,4827815745,1681193570710,415622638
대우부품,KOSPI,,1163,-6,-0.51,1169,1174,1158,17641,20576750,57335632510,49299770
대웅,KOSPI,,25500,-150,-0.58,25750,26000,25000,118880,3035783700,1482620490000,58141980
대웅제약,KOSPI,,147800,-2200,-1.47,151500,151500,147000,31669,4706020100,1712495785000,11586575
대원강업,KOSPI,,4335,-5,-0.12,4320,4370,4260,51983,223589030,268770000000,62000000
대원전선,KOSPI,,2985,-55,-1.81,3055,3075,2975,1122109,3367226710,223812837375,74979175
대원제약,KOSPI,,14800,-330,-2.18,15130,15130,14780,246552,3668381420,331928228400,22427583
대원화성,KOSPI,,1304,2,0.15,1288,1310,1285,9915,12896587,53788894208,41249152
대유에이텍,KOSPI,,1072,-1,-0.09,1084,1084,1043,22916,24409638,50109589440,46744020
대유플러스,KOSPI,,241,0,0.0,0,0,0,0,0,30475633069,126454909
대창,KOSPI,,1291,-13,-1.0,1294,1310,1289,284111,368111725,117662384209,91140499
대창단조,KOSPI,,5120,0,0.0,5130,5140,5090,19480,99485640,146289817600,28572230
대한방직,KOSPI,,5910,-50,-0.84,6000,6000,5910,1441,8598910,31323000000,5300000
대한유화,KOSPI,,102700,-1500,-1.44,104300,104500,102000,22709,2336644700,667550000000,6500000
대한전선,KOSPI,,12090,-210,-1.71,12400,12420,12070,876796,10632710980,2254147857000,186447300
대한제강,KOSPI,,12560,840,7.17,11750,12610,11700,45276,557506810,294084826320,23414397
대한제당,KOSPI,,2940,-45,-1.51,2985,2995,2930,257129,758688010,263707945200,89696580
대한제분,KOSPI,,140700,-200,-0.14,142000,142900,139900,376,52755700,237783000000,1690000
대한항공,KOSPI,,22100,50,0.23,22150,22250,21950,504888,11165385450,8137676608100,368220661
대한해운,KOSPI,,1912,-43,-2.2,1951,1955,1907,1021562,1959810785,610267303520,319177460
대한화섬,KOSPI,,99800,-600,-0.6,99200,100300,99200,118,11748300,132534400000,1328000
대현,KOSPI,,1872,-8,-0.43,1879,1879,1860,25729,48008639,82896484320,44282310
대호에이엘,KOSPI,,1112,-8,-0.71,1117,1123,1107,102280,113719268,75109924352,67544896
더블유게임즈,KOSPI,,49700,500,1.02,49450,51200,48950,93732,4691957600,1068346528200,21495906
더존비즈온,KOSPI,,60000,-100,-0.17,60400,60500,58500,127564,7593936100,1822967040000,30382784
덕성,KOSPI,,6960,-70,-1.0,7050,7150,6950,264303,1853927580,109132800000,15680000
덕양산업,KOSPI,,3900,-55,-1.39,3945,3975,3860,157381,612914485,127003422000,32564980
덴티움,KOSPI,,78000,-1900,-2.38,80000,80000,77100,106386,8271833300,863368740000,11068830
도화엔지니어링,KOSPI,,7020,10,0.14,7020,7040,6980,23032,161331820,236714400000,33720000
동국홀딩스,KOSPI,,8010,-10,-0.12,8030,8070,8000,15686,125826470,254721868830,31800483
동남합성,KOSPI,,33850,200,0.59,33650,34850,33550,3202,109429900,118475000000,3500000
동방,KOSPI,,2705,-35,-1.28,2750,2750,2680,348278,941505845,129763627030,47971766
동방아그로,KOSPI,,6170,-50,-0.8,6210,6220,6170,4345,26840250,84020450090,13617577
동부건설,KOSPI,,4615,-40,-0.86,4700,4700,4590,25016,115563130,105897382175,22946345
동서,KOSPI,,18360,-270,-1.45,18630,18730,18350,65023,1196571250,1830492000000,99700000
동성제약,KOSPI,,4540,10,0.22,4530,4565,4470,51549,232253250,118498403800,26100970
동성케미컬,KOSPI,,4370,5,0.11,4375,4385,4330,35137,153048670,217144111360,49689728
동아쏘시오홀딩스,KOSPI,,125000,-700,-0.56,125700,126900,121000,8928,1115329200,793614125000,6348913
동아에스티,KOSPI,,77700,1500,1.97,76200,77800,74300,50961,3885605700,686502810000,8835300
동아지질,KOSPI,,13210,-20,-0.15,13390,13480,13170,39684,528189860,185635453660,14052646
동아타이어,KOSPI,,13040,-40,-0.31,13150,13150,12970,31179,406505820,179078515600,13733015
동양,KOSPI,,811,-3,-0.37,812,824,807,75322,61120142,193572775093,238684063
동양고속,KOSPI,,9000,-20,-0.22,9340,9340,8900,1028,9243880,26060121000,2895569
동양생명,KOSPI,,6400,-140,-2.14,6540,6560,6300,363679,2330446420,1032694944000,161358585
동양철관,KOSPI,,971,28,2.97,943,1026,931,16564690,16427008021,142037150779,146279249
동양피스톤,KOSPI,,6330,-90,-1.4,6410,6450,6250,24363,154070480,83356351800,13168460
동원F&B,KOSPI,,34050,350,1.04,33700,34050,33000,18961,640020050,657015861000,19295620
동원금속,KOSPI,,1459,-13,-0.88,1472,1484,1450,40763,59540054,68215447247,46754933
동원산업,KOSPI,,30350,0,0.0,30300,30350,30150,8698,263008200,1093264513250,36021895
동원수산,KOSPI,,6090,-60,-0.98,6200,6200,6080,9597,58708610,28341672450,4653805
동원시스템즈,KOSPI,,42950,1050,2.51,41900,43900,41550,59020,2542178200,1245175561900,28991282
동일고무벨트,KOSPI,,7700,-50,-0.65,7750,7760,7610,32645,250777280,107030000000,13900000
동일산업,KOSPI,,41950,50,0.12,41800,41950,39500,981,40785850,101737769250,2425215
동일제강,KOSPI,,1579,15,0.96,1554,1579,1554,4574,7152625,32054268440,20300360
동화약품,KOSPI,,8000,-70,-0.87,8090,8090,7950,65903,526305590,223451760000,27931470
두산,KOSPI,,144800,-4700,-3.14,149000,149100,142600,99541,14433614200,2392651308000,16523835
두산밥캣,KOSPI,,39900,100,0.25,39550,40250,37850,1032358,40358880400,3999941723400,100249166
두산에너빌리티,KOSPI,,17890,-210,-1.16,18300,18300,17830,1972917,35477801530,11459638901940,640561146
두올,KOSPI,,3260,-25,-0.76,3260,3315,3235,35542,115735490,104537376800,32066680
디씨엠,KOSPI,,12320,-30,-0.24,12350,12350,12110,3702,45442890,140448000000,11400000
디아이,KOSPI,,12900,-710,-5.22,13660,13660,12900,396998,5207433690,365070000000,28300000
디아이씨,KOSPI,,4030,-20,-0.49,4055,4060,4000,63689,256541605,156720933070,38888569
디와이,KOSPI,,4775,15,0.32,4755,4810,4750,38245,182416245,125676247575,26319633
디와이파워,KOSPI,,12430,-20,-0.16,12620,12620,12420,8687,108147370,137248430440,11041708
락앤락,KOSPI,,8750,-10,-0.11,8750,8760,8750,105279,921192450,379106096250,43326411
롯데관광개발,KOSPI,,9510,30,0.32,9480,9540,9340,215264,2031100200,724625700330,76196183
롯데손해보험,KOSPI,,2680,-20,-0.74,2725,2730,2670,143147,383212160,831701337600,310336320
롯데쇼핑,KOSPI,,61900,-500,-0.8,62300,62500,61800,48904,3039371000,1751073934500,28288755
롯데에너지머티리얼즈,KOSPI,,40550,1400,3.58,39000,40950,38700,354370,14176931150,1869794359250,46110835
롯데웰푸드,KOSPI,,139900,-600,-0.43,140500,141500,136800,12964,1794329600,1319896902600,9434574
롯데이노베이트,KOSPI,,25100,-1700,-6.34,26700,26900,25000,352056,9023224650,379747111700,15129367
롯데정밀화학,KOSPI,,48050,-650,-1.33,48700,48850,47900,44110,2126298900,1239690000000,25800000
롯데지주,KOSPI,,24500,-250,-1.01,24650,24750,24350,67064,1645529150,2570276306500,104909237
롯데케미칼,KOSPI,,82500,-200,-0.24,82800,83500,81900,63066,5206635400,3528972067500,42775419
롯데하이마트,KOSPI,,8330,-70,-0.83,8400,8400,8260,10811,89818450,196652240960,23607712
마니커,KOSPI,,1009,-6,-0.59,1015,1017,1000,92312,93071705,64082829052,63511228
만호제강,KOSPI,,47150,0,0.0,0,0,0,0,0,195672500000,4150000
메리츠금융지주,KOSPI,,92500,1200,1.31,91800,92800,91000,181043,16694035700,17641610545000,190720114
메타랩스,KOSPI,,1709,15,0.89,1683,1722,1661,11175,18941134,42562113501,24904689
메타케어,KOSPI,,402,-3,-0.74,414,414,395,121022,48282971,66240500328,164777364
명문제약,KOSPI,,2275,-15,-0.66,2350,2350,2230,308993,708685160,77244107850,33953454
모나리자,KOSPI,,3140,-35,-1.1,3185,3220,3115,336917,1059290865,114833740700,36571255
모나미,KOSPI,,2580,-25,-0.96,2630,2630,2580,16892,43791980,48755052060,18897307
모나용평,KOSPI,,4440,-145,-3.16,4585,4590,4355,438225,1947144885,213711998520,48133333
모토닉,KOSPI,,8550,0,0.0,8550,8580,8450,15904,135402420,282150000000,33000000
무림P&P,KOSPI,,3010,-30,-0.99,3045,3045,3010,21644,65369880,187728655240,62368324
무림페이퍼,KOSPI,,2135,-20,-0.93,2180,2180,2135,50195,107842710,88835876850,41609310
무학,KOSPI,,6050,-50,-0.82,6100,6130,6040,20796,126258700,172425000000,28500000
문배철강,KOSPI,,2495,-15,-0.6,2495,2520,2485,12129,30246140,51156244975,20503505
미래산업,KOSPI,,1295,-17,-1.3,1314,1328,1277,311184,402691583,40361090175,31166865
미래아이앤지,KOSPI,,1210,-55,-4.35,1266,1271,1178,726488,883753963,34943115680,28878608
미래에셋생명,KOSPI,,5240,0,0.0,5200,5250,5200,13684,71301470,927564830360,177016189
미래에셋증권,KOSPI,,8450,90,1.08,8400,8520,8350,651998,5517392900,5030423647600,595316408
미원상사,KOSPI,,204500,1000,0.49,203500,204500,203500,1210,246362500,971375000000,4750000
미원에스씨,KOSPI,,134800,-1500,-1.1,136300,136700,133000,895,120764700,674000000000,5000000
미원홀딩스,KOSPI,,82900,400,0.48,83500,83500,82400,93,7671800,192328000000,2320000
미원화학,KOSPI,,80100,900,1.14,80900,80900,78700,255,20374300,176161366800,2199268
방림,KOSPI,,2910,-10,-0.34,2920,2990,2880,34364,99763070,123134001900,42314090
백광산업,KOSPI,,8710,380,4.56,8330,8880,8310,440267,3818014600,391239324970,44918407
백산,KOSPI,,13250,270,2.08,12980,13280,12970,40411,527369680,284875000000,21500000
범양건영,KOSPI,,1265,-28,-2.17,1281,1281,1260,14915,18889163,31412457230,24831982
벽산,KOSPI,,2190,15,0.69,2170,2215,2155,306931,671894850,147956400000,67560000
보락,KOSPI,,1088,11,1.02,1095,1190,1088,1121882,1276089082,65171200000,59900000
보령,KOSPI,,11390,-460,-3.88,11800,11800,11320,311870,3579031370,782379100000,68690000
보해양조,KOSPI,,446,-2,-0.45,448,448,443,147336,65566256,62047577534,139120129
부광약품,KOSPI,,5120,-60,-1.16,5180,5180,5040,107132,543559210,350487915520,68454671
부국증권,KOSPI,,27250,150,0.55,27050,27500,27050,2067,56272200,282579393500,10369886
부국철강,KOSPI,,2535,5,0.2,2535,2540,2495,46655,117101405,50700000000,20000000
부산산업,KOSPI,,51900,1200,2.37,51400,53000,51000,3254,169487200,54806400000,1056000
부산주공,KOSPI,,486,0,0.0,0,0,0,0,0,38288532168,78782988
비비안,KOSPI,,915,38,4.33,892,933,879,126534,114211136,27261500850,29793990
비상교육,KOSPI,,4625,-55,-1.18,4670,4700,4605,22564,104627745,60109927125,12996741
빙그레,KOSPI,,63800,-1000,-1.54,65000,65500,63400,33852,2170823300,628509175800,9851241
사조대림,KOSPI,,58200,300,0.52,58500,59400,57600,53787,3146058600,533371979400,9164467
사조동아원,KOSPI,,1027,-3,-0.29,1027,1040,1020,233801,239701877,144955504200,141144600
사조산업,KOSPI,,61100,900,1.5,60500,61800,58700,43527,2621015200,305500000000,5000000
사조씨푸드,KOSPI,,6250,10,0.16,6250,6700,6150,321245,2048520220,107615893750,17218543
사조오양,KOSPI,,9850,-70,-0.71,9920,9920,9760,9739,95548370,92813979150,9422739
삼부토건,KOSPI,,566,-25,-4.23,591,592,558,7998721,4559368427,126564292384,223611824
삼성E&A,KOSPI,,25000,-350,-1.38,25300,25500,24900,444857,11162848350,4900000000000,196000000
삼성SDI,KOSPI,,369000,15000,4.24,359000,373000,358500,697416,256626097500,25374111570000,68764530
삼성공조,KOSPI,,15470,-40,-0.26,15350,16730,15260,4470111,72444447140,125714077580,8126314
삼성물산,KOSPI,,146000,-1700,-1.15,148100,150000,145200,189640,27793890900,25956479622000,177784107
삼성바이오로직스,KOSPI,,965000,-15000,-1.53,990000,991000,955000,54568,52826351000,68682910000000,71174000
삼성생명,KOSPI,,97200,0,0.0,97200,99200,96700,214973,20981204400,19440000000000,200000000
삼성에스디에스,KOSPI,,152600,1900,1.26,150700,153100,149100,84706,12852899100,11807852280000,77377800
삼성전기,KOSPI,,145200,2400,1.68,142800,145900,141000,323305,46692830300,10845524659200,74693696
삼성전자,KOSPI,,74400,100,0.13,74500,74700,73500,12641376,938130139986,444151821720000,5969782550
삼성제약,KOSPI,,1608,-20,-1.23,1644,1644,1600,155967,250840251,151412623032,94162079
삼성중공업,KOSPI,,10170,-320,-3.05,10500,10510,10130,4074018,41611383080,8949600000000,880000000
삼성증권,KOSPI,,47100,-150,-0.32,47500,47600,46750,194694,9192706600,4206030000000,89300000
삼성출판사,KOSPI,,15460,20,0.13,15440,15600,15300,10732,165902910,154600000000,10000000
삼성카드,KOSPI,,44100,650,1.5,43450,44250,43450,53513,2355225550,5109377093100,115858891
삼아알미늄,KOSPI,,49600,2700,5.76,46700,50600,46050,128159,6342848550,729711033600,14711916
삼양사,KOSPI,,48950,-500,-1.01,49450,49800,48800,11937,586110700,504843328550,10313449
삼양식품,KOSPI,,489000,-5500,-1.11,507000,508000,488500,72470,35881107500,3683644335000,7533015
삼양통상,KOSPI,,47050,-550,-1.16,47600,47600,46850,4291,202013500,141150000000,3000000
삼양패키징,KOSPI,,17640,-40,-0.23,17680,17790,17560,5392,94990730,278512156440,15788671
삼양홀딩스,KOSPI,,72300,-400,-0.55,73000,73000,71900,2106,152184900,619196793300,8564271
삼영,KOSPI,,4230,195,4.83,4080,4250,4035,440284,1828825170,143820000000,34000000
삼영무역,KOSPI,,12680,-220,-1.71,12990,12990,12660,23731,302125840,234160900640,18466948
삼원강재,KOSPI,,2605,-30,-1.14,2620,2655,2580,8052,20974740,104200000000,40000000
삼익THK,KOSPI,,10430,120,1.16,10340,10460,10160,21617,222977490,219030000000,21000000
삼익악기,KOSPI,,1049,-1,-0.1,1054,1054,1041,35272,36835153,94966929835,90530915
삼일씨엔에스,KOSPI,,4350,-60,-1.36,4410,4440,4350,12384,54074725,55383969450,12731947
삼일제약,KOSPI,,11100,350,3.26,10800,11330,10450,618930,6732878320,237292791900,21377729
삼정펄프,KOSPI,,26100,-300,-1.14,26200,26450,26050,1728,45263400,65249243100,2499971
삼진제약,KOSPI,,18560,-160,-0.85,18720,18720,18400,10294,190508110,257984000000,13900000
삼천리,KOSPI,,89000,100,0.11,89100,89300,88600,3874,343716200,360897225000,4055025
삼호개발,KOSPI,,3280,-35,-1.06,3315,3315,3265,29047,95346575,82000000000,25000000
삼화왕관,KOSPI,,32350,-150,-0.46,32500,32900,32300,133,4326150,69694160650,2154379
삼화전기,KOSPI,,42200,-1400,-3.21,43400,43400,41400,83947,3523312150,279103204000,6613820
상상인증권,KOSPI,,478,-7,-1.44,485,544,477,928983,472522691,51785143360,108337120
상신브레이크,KOSPI,,3530,0,0.0,3505,3550,3495,29334,102906415,75794218500,21471450
새론오토모티브,KOSPI,,3830,-60,-1.54,3935,3935,3810,5521,21246380,73536000000,19200000
샘표,KOSPI,,46900,-350,-0.74,47550,47650,46600,3565,167095600,134875020000,2875800
샘표식품,KOSPI,,28300,-150,-0.53,28850,28850,28200,5539,157295050,129282493800,4568286
서연,KOSPI,,7620,-130,-1.68,7780,7780,7480,61425,465263190,178916411280,23479844
서연이화,KOSPI,,14350,-420,-2.84,14770,14800,14260,158276,2274795400,387858070950,27028437
서원,KOSPI,,1294,4,0.31,1300,1310,1281,100340,129504098,61432119460,47474590
서흥,KOSPI,,17380,-260,-1.47,17750,17750,17180,11498,199439390,201071183940,11569113
선도전기,KOSPI,,3000,0,0.0,0,0,0,0,0,54000000000,18000000
선진,KOSPI,,7240,0,0.0,7260,7280,7150,18639,134440890,172164332960,23779604
성문전자,KOSPI,,1240,26,2.14,1223,1418,1208,1893530,2507066763,27851621400,22460985
성보화학,KOSPI,,2655,15,0.57,2650,2655,2635,16184,42765675,53153100000,20020000
성신양회,KOSPI,,8330,50,0.6,8300,8340,8150,37186,306554090,204218888090,24516073
성안머티리얼스,KOSPI,,900,-5,-0.55,908,908,888,114414,102605565,65964607200,73294008
성창기업지주,KOSPI,,1680,-14,-0.83,1687,1687,1674,9130,15342123,117182688000,69751600
세기상사,KOSPI,,6250,30,0.48,6250,6430,6060,22880,141312840,34742800000,5558848
세방,KOSPI,,13250,-300,-2.21,13680,13680,13170,65652,874515020,255840142500,19308690
세방전지,KOSPI,,95300,-6200,-6.11,101000,101100,93300,219389,21007789800,1334200000000,14000000
세아베스틸지주,KOSPI,,19790,-200,-1.0,19830,20200,19600,39142,777170280,709711335010,35862119
세아제강,KOSPI,,116700,-300,-0.26,117500,117500,116000,3547,413793700,330996210000,2836300
세아제강지주,KOSPI,,176200,-3800,-2.11,179900,179900,174500,7697,1367197700,729759963400,4141657
세아특수강,KOSPI,,13660,-40,-0.29,13640,13700,13610,5678,77465110,117066200000,8570000
세아홀딩스,KOSPI,,100900,300,0.3,100600,100900,99800,23,2314500,403600000000,4000000
세우글로벌,KOSPI,,1345,25,1.89,1318,1350,1303,33641,44587902,38608266695,28705031
세원이앤씨,KOSPI,,1270,0,0.0,0,0,0,0,0,54838923850,43180255
세원정공,KOSPI,,8400,-30,-0.36,8480,8480,8340,3569,29912190,84000000000,10000000
세이브존I&C,KOSPI,,2110,0,0.0,2110,2115,2090,13093,27562290,86596288450,41040895
세진중공업,KOSPI,,7500,270,3.73,7360,7560,7020,743679,5468906550,426370920000,56849456
셀트리온,KOSPI,,197100,-5900,-2.91,203000,203500,195500,786689,155933878600,42774876549000,217021190
송원산업,KOSPI,,11220,30,0.27,11110,11250,11000,29012,322602330,269280000000,24000000
수산중공업,KOSPI,,1824,0,0.0,1810,1836,1810,53101,96781900,113816013120,62399130
시디즈,KOSPI,,27850,-50,-0.18,27900,27950,27600,939,26064550,55700000000,2000000
신대양제지,KOSPI,,5630,-20,-0.35,5650,5660,5580,30455,170375990,226876726600,40297820
신도리코,KOSPI,,37700,-200,-0.53,38100,38100,37500,5927,222913300,380017093300,10080029
신라교역,KOSPI,,9420,10,0.11,9420,9450,9330,6351,59548980,150720000000,16000000
신성이엔지,KOSPI,,1719,43,2.57,1679,1874,1662,4654684,8275628974,353852971569,205848151
신성통상,KOSPI,,2240,70,3.23,2175,2265,2155,288102,633097085,321906793600,143708390
신세계,KOSPI,,152800,2200,1.46,151200,153300,150000,22621,3445244800,1504343656800,9845181
신세계건설,KOSPI,,13120,270,2.1,13040,14000,12770,24632,331607980,101818468480,7760554
신세계인터내셔날,KOSPI,,13340,80,0.6,13260,13370,13210,46041,611054660,476238000000,35700000
신세계푸드,KOSPI,,36100,-50,-0.14,36600,36650,35950,1019,36889800,139796528000,3872480
신송홀딩스,KOSPI,,6640,70,1.07,6550,6670,6520,23980,158134630,78543617120,11828858
신영와코루,KOSPI,,9200,-10,-0.11,9200,9210,9140,430,3953590,82800000000,9000000
신영증권,KOSPI,,81900,-100,-0.12,81500,82800,81400,4576,375225300,1346436000000,16440000
신원,KOSPI,,1217,6,0.5,1203,1217,1203,76256,92120269,124847595252,102586356
신일전자,KOSPI,,1453,-12,-0.82,1465,1470,1452,159558,232386454,103232048013,71047521
신풍,KOSPI,,1419,-89,-5.9,1496,1496,1379,496357,710027651,49606395300,34958700
신풍제약,KOSPI,,12890,-360,-2.72,13190,13190,12810,288273,3724965220,682976521100,52984990
신한지주,KOSPI,,56300,200,0.36,56500,56700,55300,1087907,60973558400,28678837948200,509393214
신흥,KOSPI,,14300,-10,-0.07,14250,14340,14210,2842,40550690,135850000000,9500000
쌍방울,KOSPI,,269,0,0.0,0,0,0,0,0,70637282701,262592129
써니전자,KOSPI,,1604,-1,-0.06,1605,1610,1589,48669,77875055,58871425936,36702884
씨아이테크,KOSPI,,1082,4,0.37,1080,1085,1076,64670,69770888,54171188026,50065793
씨에스윈드,KOSPI,,63200,-1200,-1.86,64400,64800,61500,467721,29366937800,2665232669600,42171403
아남전자,KOSPI,,1306,-5,-0.38,1307,1320,1295,96917,125965804,100725014920,77124820
아모레퍼시픽,KOSPI,,125300,900,0.72,125500,127000,124500,237407,29762298000,7329142702700,58492759
아세아,KOSPI,,255500,4500,1.79,251000,255500,249500,1182,299625500,540548064000,2115648
아세아시멘트,KOSPI,,11220,-80,-0.71,11310,11320,11060,39761,444911330,431991160920,38501886
아세아제지,KOSPI,,7690,0,0.0,7690,7780,7670,39946,308100340,344377501900,44782510
아시아나IDT,KOSPI,,15270,-20,-0.13,15430,15430,15120,5288,80737400,169497000000,11100000
아시아나항공,KOSPI,,9810,50,0.51,9760,9820,9740,36750,359223340,729979404840,74411764
아이마켓코리아,KOSPI,,8620,-10,-0.12,8620,8630,8590,16265,140008050,288156600800,33428840
아이에스동서,KOSPI,,23400,-800,-3.31,24000,24150,23350,31036,729450600,706375238400,30186976
알루코,KOSPI,,2465,-15,-0.6,2480,2500,2440,109981,271094775,238686275380,96830132
애경산업,KOSPI,,17150,-70,-0.41,17350,17480,16960,53201,913516500,452930385250,26409935
애경케미칼,KOSPI,,12500,20,0.16,12330,12770,12330,573080,7208843530,608108862500,48648709
에넥스,KOSPI,,582,-15,-2.51,597,599,582,83853,49346911,34915135062,59991641
에스엘,KOSPI,,32800,-900,-2.67,33700,33750,32800,81095,2680754800,1523511456000,46448520
에스원,KOSPI,,57500,-1800,-3.04,58900,59000,57500,24255,1400437400,2184952735000,37999178
에쓰씨엔지니어링,KOSPI,,1616,-23,-1.4,1639,1650,1607,118885,193799461,53119988480,32871280
에어부산,KOSPI,,2450,5,0.2,2445,2470,2425,47739,116448680,285768000000,116640000
에이블씨엔씨,KOSPI,,7520,230,3.16,7360,7610,7300,142580,1063759870,195626490720,26014161
에이엔피,KOSPI,,736,1,0.14,735,762,731,18250,13484566,33206033984,45116894
에이프로젠,KOSPI,,1642,22,1.36,1690,1700,1625,9662008,16034173546,463815162016,282469648
에이프로젠바이오로직스,KOSPI,,1054,0,0.0,1090,1093,1041,1726050,1829524693,209121868630,198407845
엔씨소프트,KOSPI,,192200,4600,2.45,187500,194300,186700,149251,28644565100,4219563028400,21954022
엔케이,KOSPI,,808,-11,-1.34,821,823,801,148615,119809317,64626548416,79983352
영보화학,KOSPI,,3400,-35,-1.02,3430,3430,3360,36974,124947890,68000000000,20000000
영원무역,KOSPI,,36100,-1850,-4.87,37600,37750,36100,117291,4281524000,1599643994800,44311468
영원무역홀딩스,KOSPI,,82200,-1400,-1.67,83600,84700,82000,7444,614465200,1120845662400,13635592
영진약품,KOSPI,,2440,-50,-2.01,2490,2500,2390,290691,701201190,446258263640,182892731
영풍,KOSPI,,310000,-5500,-1.74,315500,315500,308500,965,299728500,571032400000,1842040
영풍제지,KOSPI,,1329,-21,-1.56,1353,1359,1329,130571,174658564,61774774692,46482148
영화금속,KOSPI,,818,-12,-1.45,829,829,813,45395,37103612,42261565090,51664505
영흥,KOSPI,,486,-1,-0.21,487,499,486,60214,29286759,49236840792,101310372
예스코홀딩스,KOSPI,,44750,-150,-0.33,44900,45300,44100,4181,186026500,268500000000,6000000
오뚜기,KOSPI,,409000,-7500,-1.8,417000,417000,409000,3747,1537490000,1639202470000,4007830
오리엔트바이오,KOSPI,,480,-4,-0.83,484,484,470,94290,44825457,56919842400,118583005
오리온,KOSPI,,91300,-700,-0.76,92000,92700,91300,98106,8993290600,3609648851600,39536132
오리온홀딩스,KOSPI,,15300,-330,-2.11,15600,15660,15290,43166,663455580,958474956600,62645422
우리금융지주,KOSPI,,16290,270,1.69,15980,16340,15800,1736563,27997295200,12096815551290,742591501
우성,KOSPI,,15860,120,0.76,15740,16120,15510,1234,19445390,49007400000,3090000
우신시스템,KOSPI,,6600,-90,-1.35,6640,6690,6520,24211,159444320,120872756400,18314054
우진,KOSPI,,8180,40,0.49,8270,8270,8070,57770,471128140,166247162520,20323614
우진아이엔에스,KOSPI,,3495,-155,-4.25,3650,3650,3495,1495,5369250,26638890000,7622000
우진플라임,KOSPI,,2400,0,0.0,2480,2480,2390,3921,9454395,48000000000,20000000
웅진,KOSPI,,987,-23,-2.28,1017,1017,979,212734,211269093,78888027960,79927080
웅진씽크빅,KOSPI,,1792,-23,-1.27,1802,1810,1788,39129,70262772,206986725120,115505985
원림,KOSPI,,16020,-180,-1.11,16050,16190,15900,888,14223660,36813479400,2297970
웰바이오텍,KOSPI,,545,0,0.0,0,0,0,0,0,49553256815,90923407
윌비스,KOSPI,,450,-9,-1.96,459,459,432,41382,18737131,30256217550,67236039
유니드,KOSPI,,78000,-2300,-2.86,80200,80500,77500,29030,2271895300,527872800000,6767600
유니온,KOSPI,,4235,-45,-1.05,4300,4300,4235,31001,131715245,66115206465,15611619
유니온머티리얼,KOSPI,,2115,-70,-3.2,2165,2175,2095,137917,293823495,88830000000,42000000
유니켐,KOSPI,,1410,-64,-4.34,1466,1490,1410,175719,253294718,136598215470,96878167
유니퀘스트,KOSPI,,5120,0,0.0,5140,5140,5040,17035,86406630,111585356800,21794015
유성기업,KOSPI,,2280,-5,-0.22,2285,2295,2270,11588,26403975,59160300000,25947500
유수홀딩스,KOSPI,,5260,-30,-0.57,5300,5320,5250,4108,21633510,136979931120,26041812
유안타증권,KOSPI,,2970,-5,-0.17,3000,3000,2935,80652,238933355,592801830720,199596576
유엔젤,KOSPI,,3140,25,0.8,3120,3195,3115,38103,119744930,41433725560,13195454
유유제약,KOSPI,,4880,-100,-2.01,5000,5000,4805,59470,288719275,83117872880,17032351
유한양행,KOSPI,,140000,-1000,-0.71,143300,143900,136200,3639023,508204372300,11229268960000,80209064
유화증권,KOSPI,,2200,0,0.0,2220,2220,2180,7223,15817520,124745313000,56702415
율촌화학,KOSPI,,23150,-150,-0.64,23700,23700,22650,57278,1329679950,574120000000,24800000
이건산업,KOSPI,,5380,120,2.28,5260,5380,5220,2960,15661990,58925176300,10952635
이구산업,KOSPI,,4390,-65,-1.46,4410,4445,4360,99061,435793285,146810380000,33442000
이노션,KOSPI,,19660,0,0.0,19750,19750,19580,21249,417115770,786400000000,40000000
이마트,KOSPI,,62900,-800,-1.26,64000,64000,62600,151915,9576425000,1753389015100,27875819
이수페타시스,KOSPI,,40200,-1200,-2.9,41000,41100,40100,1116279,45145210950,2542506043800,63246419
이수화학,KOSPI,,9380,-130,-1.37,9510,9610,9310,176818,1663036960,213139291820,22722739
이스타코,KOSPI,,614,-11,-1.76,626,639,607,130125,80386594,26310882400,42851600
이아이디,KOSPI,,1392,0,0.0,0,0,0,0,0,354103029120,254384360
이엔플러스,KOSPI,,1956,116,6.3,1817,2030,1812,2199978,4286681502,142489970148,72847633
이연제약,KOSPI,,13610,-330,-2.37,13950,13980,13450,24007,327139620,252966497710,18586811
이월드,KOSPI,,1651,-4,-0.24,1655,1670,1629,190238,312930351,234122024643,141806193
이화산업,KOSPI,,13090,-310,-2.31,13390,13400,13010,641,8497220,36652000000,2800000
인디에프,KOSPI,,621,9,1.47,612,634,612,223876,138526723,46645169895,75112995
인바이오젠,KOSPI,,9340,0,0.0,0,0,0,0,0,93812977440,10044216
인스코비,KOSPI,,1136,6,0.53,1131,1174,1120,313521,358627630,135603181728,119368998
인지컨트롤스,KOSPI,,6550,220,3.48,6340,6680,6330,56984,373921950,103550240350,15809197
인천도시가스,KOSPI,,25500,-100,-0.39,25600,25650,25450,1029,26273800,111556227000,4374754
인터지스,KOSPI,,2250,5,0.22,2245,2250,2220,15192,33875870,66932716500,29747874
인팩,KOSPI,,7860,-40,-0.51,7900,7920,7740,6963,54239690,78600000000,10000000
일동제약,KOSPI,,14970,-180,-1.19,15100,15100,14690,186035,2764389670,420095639970,28062501
일동홀딩스,KOSPI,,8390,-190,-2.21,8500,8550,8310,48680,407586880,96823956000,11540400
일성건설,KOSPI,,1441,-13,-0.89,1451,1454,1414,74066,106389423,77849852080,54024880
일성아이에스,KOSPI,,17240,70,0.41,17170,17380,17120,1438,24770730,229292000000,13300000
일신방직,KOSPI,,8270,-30,-0.36,8300,8300,8200,17586,144960340,192525600000,23280000
일신석재,KOSPI,,1383,33,2.44,1366,1415,1354,3830498,5296480444,107122491630,77456610
일양약품,KOSPI,,13730,-430,-3.04,14230,14230,13640,28909,397903560,262046166720,19085664
일정실업,KOSPI,,13310,670,5.3,12640,13900,12640,12229,164000420,15972000000,1200000
일진다이아,KOSPI,,13360,50,0.38,13420,13420,13190,10358,137827000,189751746000,14202975
일진디스플,KOSPI,,1039,1,0.1,1050,1050,1017,20537,21270773,53522776899,51513741
일진전기,KOSPI,,19700,-350,-1.75,20250,20250,19620,463651,9217769390,939402183000,47685390
일진홀딩스,KOSPI,,3880,0,0.0,3850,3905,3815,27320,105385610,191468234040,49347483
잇츠한불,KOSPI,,12220,160,1.33,12100,12600,12100,29549,364341600,267976229300,21929315
자화전자,KOSPI,,20800,-450,-2.12,21500,21650,20650,163092,3440093450,460842096000,22155870
전방,KOSPI,,18950,-230,-1.2,19180,19270,18930,718,13694650,31836000000,1680000
제이에스코퍼레이션,KOSPI,,14520,-550,-3.65,15070,15180,14450,59664,871389210,193632926520,13335601
제이준코스메틱,KOSPI,,5410,90,1.69,5370,5600,5320,11860,64016570,24263016860,4484846
제일기획,KOSPI,,18360,200,1.1,18190,18440,18120,245688,4498975130,2112156891000,115041225
제일약품,KOSPI,,15250,-190,-1.23,15350,15430,15250,8838,135336020,224249298000,14704872
제일연마,KOSPI,,8370,-10,-0.12,8380,8400,8350,2176,18250770,82863000000,9900000
제일파마홀딩스,KOSPI,,8720,-30,-0.34,8800,9000,8680,2077,18281000,139287655600,15973355
제주은행,KOSPI,,9220,10,0.11,9210,9250,9050,48619,444841440,296227296280,32128774
제주항공,KOSPI,,9400,-90,-0.95,9510,9510,9350,57941,544561050,758025259000,80640985
조광페인트,KOSPI,,6810,-230,-3.27,7040,7040,6780,32546,222471750,87168000000,12800000
조광피혁,KOSPI,,55900,300,0.54,55600,56000,55100,682,37785900,371686814200,6649138
조비,KOSPI,,11440,-50,-0.44,11500,11530,11270,9453,107226380,59399214160,5192239
조선선재,KOSPI,,94300,-200,-0.21,94200,94500,93800,529,49824800,118596489300,1257651
조일알미늄,KOSPI,,1717,28,1.66,1688,1717,1676,182897,310632380,217426664957,126631721
조흥,KOSPI,,176000,-1300,-0.73,177300,177300,175800,12,2121100,105600000000,600000
종근당,KOSPI,,123000,-1400,-1.13,125000,125400,121000,40911,5033670000,1620453660000,13174420
종근당바이오,KOSPI,,34350,-600,-1.72,35050,35250,33500,79858,2742404600,188442794700,5485962
종근당홀딩스,KOSPI,,58000,0,0.0,58400,58400,57400,4087,236769600,290571938000,5009861
주성코퍼레이션,KOSPI,,4100,0,0.0,0,0,0,0,0,216521943000,52810230
주연테크,KOSPI,,403,-1,-0.25,408,412,399,121501,48997041,23857295332,59199244
지엠비코리아,KOSPI,,4000,0,0.0,4030,4035,3945,13385,53295605,76289120000,19072280
지역난방공사,KOSPI,,48700,-350,-0.71,48600,49600,48200,8648,422178550,563884832800,11578744
진도,KOSPI,,1885,29,1.56,1856,1914,1854,24997,47058453,23463997440,12447744
진양산업,KOSPI,,6380,0,0.0,6450,6510,6320,15695,100220960,82940000000,13000000
진양홀딩스,KOSPI,,3175,0,0.0,3175,3175,3145,21313,67190910,177467552100,55895292
진양화학,KOSPI,,2910,-5,-0.17,2915,2940,2880,13505,39052165,45978000000,15800000
진에어,KOSPI,,10790,200,1.89,10600,10840,10450,116334,1239547560,563238000000,52200000
진원생명과학,KOSPI,,2640,-115,-4.17,2755,2765,2600,714917,1887449600,211303052400,80039035
진흥기업,KOSPI,,854,-4,-0.47,858,859,853,95022,81297806,124232870230,145471745
참엔지니어링,KOSPI,,401,-5,-1.23,406,408,395,103486,41554701,34031835019,84867419
천일고속,KOSPI,,42350,-100,-0.24,42100,42850,42100,45,1911950,60527467000,1429220
청호ICT,KOSPI,,2490,0,0.0,0,0,0,0,0,116119947330,46634517
체시스,KOSPI,,1330,-26,-1.92,1356,1374,1309,80504,107005940,42560000000,32000000
카카오,KOSPI,,36900,-300,-0.81,37350,37350,36750,734047,27097438500,16364849006700,443491843
카프로,KOSPI,,3660,0,0.0,0,0,0,0,0,618539985360,168999996
케이비아이동국실업,KOSPI,,608,-6,-0.98,608,611,606,91440,55563432,67666162848,111293031
케이씨,KOSPI,,18890,-230,-1.2,19160,19160,18710,18109,340771410,256035891160,13554044
케이씨텍,KOSPI,,34050,-1400,-3.95,34900,35100,33900,91901,3138330100,710335981800,20861556
코리아써키트,KOSPI,,11100,-120,-1.07,11220,11310,11090,35930,400678150,262190336100,23620751
코리안리,KOSPI,,8830,360,4.25,8540,8850,8470,228950,2003348120,1460195254580,165367526
코스맥스,KOSPI,,120400,-900,-0.74,122100,125500,119200,183953,22435843700,1366480883600,11349509
코스맥스비티아이,KOSPI,,8980,60,0.67,9390,9390,8850,2412,21866360,86243210580,9603921
코스모신소재,KOSPI,,117500,10300,9.61,108000,118700,107500,420427,48672553400,3820013830000,32510756
코스모화학,KOSPI,,21450,2030,10.45,19420,22550,19280,918486,19365432840,823856490600,38408228
코아스,KOSPI,,999,1,0.1,997,1005,976,395555,394691108,32874301791,32907209
코오롱,KOSPI,,15050,-170,-1.12,15250,15250,15000,10390,156817490,190027711300,12626426
코오롱ENP,KOSPI,,6190,20,0.32,6170,6250,6130,20838,128821930,235220000000,38000000
코오롱글로벌,KOSPI,,10610,-130,-1.21,10810,10840,10420,67992,720645470,200876084930,18932713
코오롱인더,KOSPI,,34600,-350,-1.0,34900,35000,34450,40650,1407976950,952160548600,27519091
코웨이,KOSPI,,66700,-500,-0.74,67000,68300,66400,71575,4790117900,4922434587300,73799619
콘텐트리중앙,KOSPI,,10260,-60,-0.58,10320,10330,10090,21256,217386390,197631280080,19262308
콜마홀딩스,KOSPI,,7680,110,1.45,7590,7800,7590,117706,904329260,263395269120,34296259
콤텍시스템,KOSPI,,592,7,1.2,587,596,587,138307,81818268,71662467872,121051466
쿠쿠홀딩스,KOSPI,,23400,200,0.86,23200,24000,23050,21985,514610200,832155129000,35562185
쿠쿠홈시스,KOSPI,,22100,-100,-0.45,22150,22250,21800,11196,246108850,495864993000,22437330
크라운제과,KOSPI,,8480,30,0.36,8450,8510,8360,18404,155101880,106202248000,12523850
크라운해태홀딩스,KOSPI,,5840,-20,-0.34,5860,5890,5800,14465,84582860,86708506480,14847347
키다리스튜디오,KOSPI,,3420,-55,-1.58,3470,3525,3385,34696,119145660,126758079720,37063766
키움증권,KOSPI,,134800,-300,-0.22,135100,136300,133600,33923,4577955800,3440999968800,25526706
태경비케이,KOSPI,,4660,25,0.54,4635,4675,4635,38223,178088405,128537246000,27583100
태경산업,KOSPI,,5280,10,0.19,5310,5330,5260,14650,77241600,154327800000,29228750
태경케미컬,KOSPI,,11390,-280,-2.4,11670,11670,11390,30812,352734750,132124000000,11600000
태광산업,KOSPI,,591000,1000,0.17,590000,592000,588000,121,71561000,658019400000,1113400
태림포장,KOSPI,,2315,-40,-1.7,2360,2360,2295,45749,105718940,163915751100,70805940
태영건설,KOSPI,,4620,0,0.0,0,0,0,0,0,1318870272720,285469756
태원물산,KOSPI,,3710,30,0.82,3680,3715,3670,6213,22854340,28196000000,7600000
테이팩스,KOSPI,,19550,750,3.99,18830,19730,18830,16005,311780540,93246657500,4769650
텔코웨어,KOSPI,,9940,-20,-0.2,9920,10000,9810,5183,51059660,91846365380,9240077
토니모리,KOSPI,,9300,280,3.1,9220,9640,9170,562312,5267960960,223709630700,24054799
티에이치엔,KOSPI,,3360,-5,-0.15,3365,3375,3315,66713,223387860,60480000000,18000000
티웨이항공,KOSPI,,2845,-95,-3.23,2945,2955,2820,2186368,6342259010,612753186720,215378976
티웨이홀딩스,KOSPI,,558,-1,-0.18,559,565,551,50706,28245754,62279324694,111611693
파미셀,KOSPI,,5700,-150,-2.56,5810,5880,5630,940590,5365016000,342096694800,60016964
팜스코,KOSPI,,2415,15,0.63,2425,2450,2380,7045,16964305,88697982345,36727943
팜젠사이언스,KOSPI,,5010,-120,-2.34,5130,5140,4920,132983,662555010,91074410250,18178525
팬오션,KOSPI,,3575,-130,-3.51,3680,3695,3575,2017440,7263659555,1911086005400,534569512
퍼스텍,KOSPI,,2955,-25,-0.84,2980,2985,2945,130143,385819915,144121076790,48771938
퍼시스,KOSPI,,43950,2150,5.14,42250,44950,41800,956,41158800,505425000000,11500000
페이퍼코리아,KOSPI,,763,-11,-1.42,773,774,761,15172,11635483,135801267819,177983313
평화산업,KOSPI,,1006,0,0.0,1015,1015,1004,29392,29557223,55231672554,54902259
평화홀딩스,KOSPI,,2825,25,0.89,2820,2835,2800,4705,13278635,41316941450,14625466
포스코스틸리온,KOSPI,,41600,1450,3.61,40000,45300,40000,174004,7444142650,249600000000,6000000
포스코인터내셔널,KOSPI,,57300,900,1.6,56800,58900,55900,1747212,100797584500,10080375752400,175922788
포스코퓨처엠,KOSPI,,246500,32000,14.92,217500,248000,217000,1392140,333595571000,19094683730000,77463220
풀무원,KOSPI,,11220,-30,-0.27,11320,11320,11020,110574,1227999790,427712481240,38120542
풍산,KOSPI,,65300,900,1.4,64500,66000,63300,295499,19150925600,1829985353400,28024278
풍산홀딩스,KOSPI,,27750,250,0.91,27500,27850,27150,12149,335491150,400079853000,14417292
플레이그램,KOSPI,,389,1,0.26,386,399,382,615561,239771682,59084237500,151887500
하나금융지주,KOSPI,,63400,1500,2.42,62400,64300,61500,1064530,67468652700,18535408313200,292356598
하나제약,KOSPI,,11610,-50,-0.43,11640,11660,11540,18496,214427920,206343903060,17772946
하나투어,KOSPI,,49550,200,0.41,49700,49700,48600,36766,1813708600,794741616750,16039185
하이스틸,KOSPI,,3305,-5,-0.15,3315,3360,3305,71586,237801520,66732811655,20191471
하이트진로,KOSPI,,20650,-50,-0.24,20750,20850,20550,134402,2775129850,1448259067150,70133611
하이트진로홀딩스,KOSPI,,9390,110,1.19,9390,9410,9300,33518,314275910,217911523350,23206765
한국가스공사,KOSPI,,51100,-1100,-2.11,52500,52700,51100,1463489,75922788400,4717194300000,92313000
한국공항,KOSPI,,51000,-1000,-1.92,51500,52000,50300,16425,834767400,161484105000,3166355
한국금융지주,KOSPI,,74000,1200,1.65,73100,74400,72700,113252,8347981500,4123723408000,55725992
한국내화,KOSPI,,2215,-30,-1.34,2225,2255,2200,24736,54851850,90963542330,41067062
한국무브넥스,KOSPI,,3855,-70,-1.78,3925,3925,3800,36805,140888540,117386369100,30450420
한국쉘석유,KOSPI,,331000,-2000,-0.6,333000,333500,328000,2979,982259500,430300000000,1300000
한국앤컴퍼니,KOSPI,,16590,-460,-2.7,17190,17190,16490,114028,1903920970,1574975631600,94935240
한국자산신탁,KOSPI,,2960,-15,-0.5,2985,2985,2955,285819,847470797,366974145920,123977752
한국전자홀딩스,KOSPI,,799,0,0.0,797,811,796,7941,6357919,37395705664,46803136
한국제지,KOSPI,,1071,-3,-0.28,1074,1077,1058,59771,63680533,203680891827,190178237
한국종합기술,KOSPI,,4875,-65,-1.32,4935,4935,4795,26352,127593480,53381250000,10950000
한국주강,KOSPI,,1971,-2,-0.1,1972,1985,1967,15690,30944101,22290549489,11309259
한국철강,KOSPI,,8490,30,0.35,8550,8550,8400,11179,94875940,360400500000,42450000
한국카본,KOSPI,,11680,-320,-2.67,12120,12120,11600,210106,2458577840,606290719360,51908452
한국콜마,KOSPI,,67700,2600,3.99,67600,68700,65700,379078,25481740000,1598063712900,23605077
한국타이어앤테크놀로지,KOSPI,,42300,-1100,-2.53,43250,43450,42000,194079,8255860350,5239915418700,123875069
한국토지신탁,KOSPI,,1078,-21,-1.91,1090,1099,1068,279873,301877169,272183389940,252489230
한국특강,KOSPI,,1513,4,0.27,1540,1540,1502,40916,62097302,92010539543,60813311
한국항공우주,KOSPI,,53800,-500,-0.92,54700,54700,53000,345495,18512032700,5244160756600,97475107
한국화장품,KOSPI,,7550,320,4.43,7300,8400,7290,1832537,14350018400,121313400000,16068000
한국화장품제조,KOSPI,,83400,14800,21.57,72500,86000,70300,1132106,89047419600,377968800000,4532000
한농화성,KOSPI,,19430,20,0.1,19560,19960,18620,2366097,46566512780,303827726060,15637042
한독,KOSPI,,14620,-160,-1.08,14620,14740,14420,31825,462794890,201222852460,13763533
한미글로벌,KOSPI,,15240,-170,-1.1,15410,15450,15100,51971,792769160,166993062000,10957550
한미반도체,KOSPI,,111400,-3100,-2.71,114100,114200,110700,746626,83405900500,10805090827600,96993634
한미사이언스,KOSPI,,33200,250,0.76,33100,33300,31900,201817,6615265000,2270599460000,68391550
한미약품,KOSPI,,309000,-6500,-2.06,319000,319500,304500,60263,18692953000,3958596219000,12810991
한샘,KOSPI,,55400,700,1.28,55000,56500,54400,19415,1074901200,1303779611200,23533928
한섬,KOSPI,,16290,-140,-0.85,16440,16450,16130,28719,466988280,381161565000,23398500
한성기업,KOSPI,,5430,20,0.37,5440,5470,5310,35239,189461590,33717666450,6209515
한세실업,KOSPI,,15890,-570,-3.46,16460,16460,15500,256053,4062494020,635600000000,40000000
한세엠케이,KOSPI,,1679,-45,-2.61,1724,1813,1679,12950,22493562,50548816858,30106502
한세예스24홀딩스,KOSPI,,4570,0,0.0,4560,4595,4515,16122,73349545,182800000000,40000000
한솔로지스틱스,KOSPI,,2420,10,0.41,2410,2420,2380,27586,66415805,67898000500,28057025
한솔제지,KOSPI,,9800,0,0.0,9830,9850,9760,20171,197312050,233245644800,23800576
한솔케미칼,KOSPI,,141000,-3200,-2.22,144200,144200,140500,56514,7977610300,1598262495000,11335195
한솔테크닉스,KOSPI,,4750,-20,-0.42,4770,4795,4690,31128,147446135,152521920500,32109878
한솔홀딩스,KOSPI,,2530,0,0.0,2540,2550,2515,64782,163787825,106281699810,42008577
한솔홈데코,KOSPI,,730,-5,-0.68,735,735,726,62748,45742866,58812558770,80565149
한신공영,KOSPI,,7130,-70,-0.97,7270,7270,7060,19475,138153040,82499105260,11570702
한양증권,KOSPI,,15690,370,2.42,15330,17200,15330,694610,11317594570,199710698460,12728534
한온시스템,KOSPI,,4040,-5,-0.12,4075,4085,3975,781259,3142673755,2156552000000,533800000
한올바이오파마,KOSPI,,37850,-2200,-5.49,40250,40300,37200,764639,29366809400,1977308148300,52240638
한익스프레스,KOSPI,,3650,-5,-0.14,3675,3675,3585,47221,170403475,43800000000,12000000
한일시멘트,KOSPI,,14510,-270,-1.83,14650,14730,14240,125032,1800621750,1004984945400,69261540
한일철강,KOSPI,,2045,-20,-0.97,2065,2075,2040,1709,3508505,54596305700,26697460
한일현대시멘트,KOSPI,,14400,-130,-0.89,14540,14640,13900,7078,101584840,278318476800,19327672
한일홀딩스,KOSPI,,14060,-290,-2.02,14350,14350,13950,16661,234417940,433510349040,30832884
한전KPS,KOSPI,,41050,-600,-1.44,42000,42000,40850,149860,6179994150,1847250000000,45000000
한전기술,KOSPI,,67200,100,0.15,68000,68000,66500,97551,6546799500,2568384000000,38220000
한전산업,KOSPI,,13050,0,0.0,13300,13350,12860,481005,6266431390,425430000000,32600000
한진,KOSPI,,19390,-110,-0.56,19570,19570,19250,6977,135059860,289834506920,14947628
한진중공업홀딩스,KOSPI,,3500,5,0.14,3465,3525,3465,4044,14196770,103354342000,29529812
한진칼,KOSPI,,68600,-100,-0.15,68000,69700,67100,45177,3093086900,4579892339400,66762279
한창,KOSPI,,1254,0,0.0,0,0,0,0,0,23332434378,18606407
한창제지,KOSPI,,836,-6,-0.71,836,836,828,35159,29199321,49882018296,59667486
한화,KOSPI,,29050,0,0.0,29300,29300,28600,91205,2640315000,2177551251750,74958735
한화생명,KOSPI,,2960,-10,-0.34,2980,2990,2930,879753,2602996715,2570848800000,868530000
한화손해보험,KOSPI,,5790,-50,-0.86,5840,5910,5760,217976,1268989200,675918317850,116738915
한화솔루션,KOSPI,,24750,-1050,-4.07,25700,25750,24600,986584,24498956450,4254340266000,171892536
한화에어로스페이스,KOSPI,,290000,0,0.0,0,0,0,0,0,14682700000000,50630000
한화엔진,KOSPI,,13510,-320,-2.31,14090,14090,13470,368164,5015069620,1127370888420,83447142
한화오션,KOSPI,,34550,0,0.0,35050,35100,33700,1948901,67145514950,10586582762700,306413394
한화투자증권,KOSPI,,3370,-35,-1.03,3375,3385,3310,484576,1628811305,723026001750,214547775
해성디에스,KOSPI,,29550,100,0.34,29250,29700,28700,56861,1662028050,502350000000,17000000
해태제과식품,KOSPI,,5780,20,0.35,5720,5800,5680,20422,117261090,168295231160,29116822
핸즈코퍼레이션,KOSPI,,2235,65,3.0,2170,2235,2125,68678,149361775,48892294545,21875747
현대건설,KOSPI,,32150,150,0.47,32100,32400,31750,288450,9278235000,3580087844750,111355765
현대글로비스,KOSPI,,112600,600,0.54,112000,113800,111600,126075,14183122500,8445000000000,75000000
현대로템,KOSPI,,52200,-1800,-3.33,54400,54500,51800,1366506,71723800600,5697227694600,109142293
현대리바트,KOSPI,,8360,-270,-3.13,8630,8630,8360,61036,516243930,171674957520,20535282
현대모비스,KOSPI,,214000,-3500,-1.61,218000,220000,211500,162284,34740862000,19900950116000,92995094
현대백화점,KOSPI,,47250,-550,-1.15,48100,48100,47250,24383,1157681750,1105765337250,23402441
현대비앤지스틸,KOSPI,,14310,130,0.92,14180,14330,14030,27893,396881440,215777785410,15078811
현대약품,KOSPI,,4600,0,0.0,4600,4620,4455,431317,1954034510,147200000000,32000000
현대위아,KOSPI,,50000,-1200,-2.34,51200,51300,49900,68949,3461752600,1359754150000,27195083
현대제철,KOSPI,,25700,300,1.18,25450,26000,25100,310784,7972411550,3429556674500,133445785
현대지에프홀딩스,KOSPI,,4575,-40,-0.87,4655,4680,4550,85844,394164520,713262177075,155904301
현대차증권,KOSPI,,8770,20,0.23,8760,8770,8700,15481,135241060,278119168740,31712562
현대코퍼레이션,KOSPI,,19330,10,0.05,19320,19410,19140,21306,409974010,255715912780,13228966
현대코퍼레이션홀딩스,KOSPI,,10690,-50,-0.47,10620,10740,10610,10522,112106070,97287936840,9100836
현대해상,KOSPI,,35200,400,1.15,34850,35350,34650,228718,8020668272,3146880000000,89400000
현대홈쇼핑,KOSPI,,47800,-100,-0.21,47900,48100,47300,11446,543954450,573600000000,12000000
형지엘리트,KOSPI,,1160,-1,-0.09,1161,1161,1146,49640,57376633,36139565680,31154798
혜인,KOSPI,,5050,0,0.0,5050,5070,4995,39797,199772515,64199372350,12712747
호전실업,KOSPI,,7300,150,2.1,7150,7420,7120,72888,532909140,71174883200,9749984
호텔신라,KOSPI,,47050,-400,-0.84,47550,47600,46800,125794,5929095700,1846624093050,39248121
화승엔터프라이즈,KOSPI,,7620,-150,-1.93,7880,7880,7560,116556,888832940,461690283120,60589276
화승코퍼레이션,KOSPI,,1860,9,0.49,1834,1861,1830,57230,105307163,93095328720,50051252
화신,KOSPI,,9010,-160,-1.74,9170,9200,8900,114583,1030387680,314632894100,34920410
화인베스틸,KOSPI,,910,-21,-2.26,931,939,910,27866,25726276,28051767380,30826118
화천기계,KOSPI,,2865,-15,-0.52,2860,2870,2820,55529,157717425,63030000000,22000000
화천기공,KOSPI,,28800,200,0.7,28600,28800,28100,1365,38830850,63360000000,2200000
환인제약,KOSPI,,13660,110,0.81,13680,13830,13560,14230,194630270,254076956200,18600070
황금에스티,KOSPI,,5540,-120,-2.12,5610,5680,5530,30633,170375790,94180000000,17000000
효성,KOSPI,,48850,-450,-0.91,49500,49500,48250,12371,605088600,817768881950,16740407
효성중공업,KOSPI,,284000,-5500,-1.9,292000,294000,281500,44366,12630821500,2648171632000,9324548
효성티앤씨,KOSPI,,292500,-4500,-1.52,297500,297500,291500,7275,2131133500,1265846985000,4327682
효성화학,KOSPI,,45650,200,0.44,45750,47600,45000,10580,489617950,173096172150,3791811
후성,KOSPI,,7040,400,6.02,6650,7050,6600,781999,5398603140,755077523200,107255330
휠라홀딩스,KOSPI,,41900,-450,-1.06,42000,42300,41500,66459,2783019650,2518015654100,60095839
휴비스,KOSPI,,3090,-60,-1.9,3175,3175,3080,29087,90140520,106605000000,34500000
휴스틸,KOSPI,,4210,-125,-2.88,4315,4325,4210,492863,2094653640,236551795750,56188075
흥국화재,KOSPI,,3825,10,0.26,3820,3850,3750,57595,218701070,245728117125,64242645
흥아해운,KOSPI,,2095,-40,-1.87,2140,2145,2090,1479908,3113057020,503690163405,240424899
